Type,Name,Request Count,Failure Count,Median Response Time,Average Response Time,Min Response Time,Max Response Time,Average Content Size,Requests/s,Failures/s,50%,66%,75%,80%,90%,95%,98%,99%,99.9%,99.99%,100%
gRPC,AddTerm,11,0,3,2.909090909090909,1,4,82.0,0.186894733712516,0.0,3,3,3,3,3,4,4,4,4,4,4
gRPC,GetAllTerms,27,0,3,2.5185185185185186,1,4,2145.0,0.45874161911253925,0.0,3,3,3,3,3,4,4,4,4,4,4
gRPC,GetTerm (existing),48,0,3,2.8541666666666665,1,5,279.75,0.8155406562000698,0.0,3,3,3,3,3,4,5,5,5,5,5
gRPC,GetTerm (not found),32,0,3,2.9375,1,5,0.0,0.5436937708000465,0.0,3,3,3,3,4,4,5,5,5,5,5
gRPC,GetTermsByCategory,15,0,3,3.466666666666667,2,5,4515.2,0.2548564550625218,0.0,3,4,4,4,4,5,5,5,5,5,5
gRPC,SearchTerms,33,0,3,3.3636363636363638,2,5,3539.878787878788,0.560684201137548,0.0,3,4,4,4,4,5,5,5,5,5,5
,Aggregated,166,0,3,2.9759036144578315,1,5,1546.921686746988,2.8204114360252412,0.0,3,3,3,4,4,4,5,5,5,5,5
