Type,Name,Request Count,Failure Count,Median Response Time,Average Response Time,Min Response Time,Max Response Time,Average Content Size,Requests/s,Failures/s,50%,66%,75%,80%,90%,95%,98%,99%,99.9%,99.99%,100%
gRPC,AddTerm,3483,0,1,1.4743037611254666,0,7,82.0,1.7423077626100354,0.0,1,2,2,2,3,3,3,4,5,7,7
gRPC,GetAllTerms,10743,0,2,4.857209345620404,0,30032,2145.0,5.373991471065062,0.0,2,2,3,3,3,4,4,5,7,19,30000
gRPC,GetTerm (existing),21333,0,1,1.441803778184034,-62,13,277.4262879107486,10.671447459018054,0.0,1,2,2,2,3,3,3,4,6,11,13
gRPC,GetTerm (not found),10906,0,1,1.578855675774803,0,19,0.0,5.455529273334782,0.0,1,2,2,2,3,3,4,4,5,7,19
gRPC,GetTermsByCategory,7286,0,3,3.4135328026351908,0,14,2929.0623112819103,3.6446897382649204,0.0,3,4,4,5,5,6,6,7,9,14,14
gRPC,SearchTerms,14279,0,6,13.877442397927025,1,115246,2428.6045241263396,7.14281152521065,0.0,6,7,7,7,8,9,9,10,11,15,115000
,Aggregated,68030,0,2,4.826106129648684,-62,115246,1253.371571365574,34.03077722950351,0.0,2,3,4,4,6,7,8,9,11,14,115000
