Type,Name,Request Count,Failure Count,Median Response Time,Average Response Time,Min Response Time,Max Response Time,Average Content Size,Requests/s,Failures/s,50%,66%,75%,80%,90%,95%,98%,99%,99.9%,99.99%,100%
gRPC,AddTerm,2716,0,1,1.067378497790869,0,10,82.0,9.054512450226223,0.0,1,1,1,1,2,2,3,3,5,10,10
gRPC,GetAllTerms,8061,0,1,1.349088202456271,0,34,2145.0,26.873499580734013,0.0,1,1,2,2,2,3,3,4,5,34,34
gRPC,GetTerm (existing),16164,0,1,1.0034026231130908,0,13,277.4756248453353,53.88701739523441,0.0,1,1,1,1,2,2,3,3,4,11,13
gRPC,GetTerm (not found),7931,0,1,1.1457571554658934,0,6,0.0,26.440109809552347,0.0,1,1,1,2,2,2,3,3,4,6,6
gRPC,GetTermsByCategory,5272,0,2,1.9237481031866464,0,14,2943.7253414264037,17.575622105151933,0.0,2,2,2,3,3,4,4,5,7,14,14
gRPC,SearchTerms,10572,0,3,3.1647748770336737,0,14,2504.343170639425,35.24458969948145,0.0,3,4,4,4,5,5,6,7,8,11,14
,Aggregated,50716,0,1,1.6302547519520467,0,34,1261.8090740594685,169.07535104038038,0.0,1,2,2,2,3,4,5,5,7,11,34
