Type,Name,Request Count,Failure Count,Median Response Time,Average Response Time,Min Response Time,Max Response Time,Average Content Size,Requests/s,Failures/s,50%,66%,75%,80%,90%,95%,98%,99%,99.9%,99.99%,100%
gRPC,AddTerm,878,0,1,1.457858769931663,0,6,82.0,1.4650381685958624,0.0,1,2,2,2,3,3,3,4,6,6,6
gRPC,GetAllTerms,2662,0,1,1.6029301277235162,0,7,2145.0,4.441835540776977,0.0,1,2,2,2,3,3,4,4,6,7,7
gRPC,GetTerm (existing),5425,0,1,1.415483870967742,0,11,276.52479262672813,9.052200529194254,0.0,1,1,2,2,2,3,3,4,5,11,11
gRPC,GetTerm (not found),2601,0,1,1.5263360246059208,0,9,0.0,4.340050428835807,0.0,1,2,2,2,3,3,4,4,5,9,9
gRPC,GetTermsByCategory,1810,0,2,1.892817679558011,0,12,2901.150276243094,3.020181190385548,0.0,2,2,2,3,3,4,4,5,6,12,12
gRPC,SearchTerms,3550,0,2,2.4461971830985916,0,13,2550.5521126760564,5.923559793297621,0.0,2,3,3,3,4,4,5,5,7,13,13
,Aggregated,16926,0,2,1.7314191185158927,0,13,1275.4150419473,28.24286565108607,0.0,2,2,2,2,3,3,4,4,6,12,13
